-- Usar o banco de dados criado
USE biblioteca_universitaria_ads;

-- -----------------------------------------------------
-- Tabela Autores (40 registros)
-- -----------------------------------------------------
INSERT INTO Autores (id, nome, nacionalidade, data_nascimento, biografia_curta) VALUES
(1, 'Machado de Assis', 'Brasileiro', '1839-06-21', 'Considerado o maior nome da literatura brasileira, fundador da ABL.'),
(2, 'Clarice Lispector', 'Brasileira (nasc. Ucrânia)', '1920-12-10', 'Escritora e jornalista, uma das mais importantes do século XX.'),
(3, 'George Orwell', 'Britânico', '1903-06-25', 'Romancista, ensaísta e jornalista, conhecido por "1984" e "A Revolução dos Bichos".'),
(4, 'J.K. Rowling', 'Britânica', '1965-07-31', 'Autora da aclamada série Harry Potter.'),
(5, 'Yuval Noah Harari', 'Israelense', '1976-02-24', 'Historiador e autor de "Sapiens: Uma Breve História da Humanidade".'),
(6, 'Gabriel García Márquez', 'Colombiano', '1927-03-06', 'Ganhador do Prêmio Nobel, mestre do realismo mágico.'),
(7, 'Jane Austen', 'Britânica', '1775-12-16', 'Romancista conhecida por obras como "Orgulho e Preconceito".'),
(8, 'Stephen King', 'Americano', '1947-09-21', 'Autor renomado de horror, ficção sobrenatural e suspense.'),
(9, 'Haruki Murakami', 'Japonês', '1949-01-12', 'Escritor contemporâneo conhecido por seu estilo surreal e melancólico.'),
(10, 'Agatha Christie', 'Britânica', '1890-09-15', 'Famosa escritora de romances policiais, a "Rainha do Crime".'),
(11, 'Carlos Drummond de Andrade', 'Brasileiro', '1902-10-31', 'Poeta, contista e cronista, um dos maiores do Brasil.'),
(12, 'Cecília Meireles', 'Brasileira', '1901-11-07', 'Poetisa, professora, jornalista e pintora.'),
(13, 'Fernando Pessoa', 'Português', '1888-06-13', 'Um dos mais importantes poetas da língua portuguesa.'),
(14, 'Jorge Amado', 'Brasileiro', '1912-08-10', 'Escritor modernista, suas obras retratam a Bahia.'),
(15, 'Virginia Woolf', 'Britânica', '1882-01-25', 'Escritora modernista, ensaísta e crítica literária.'),
(16, 'Isaac Asimov', 'Russo-Americano', '1920-01-02', 'Escritor e bioquímico, mestre da ficção científica.'),
(17, 'J.R.R. Tolkien', 'Sul-Africano/Britânico', '1892-01-03', 'Autor de "O Hobbit" e "O Senhor dos Anéis".'),
(18, 'Graciliano Ramos', 'Brasileiro', '1892-10-27', 'Escritor modernista, conhecido por "Vidas Secas".'),
(19, 'Rachel de Queiroz', 'Brasileira', '1910-11-17', 'Escritora, tradutora e jornalista, primeira mulher na ABL.'),
(20, 'Monteiro Lobato', 'Brasileiro', '1882-04-18', 'Um dos mais influentes escritores de literatura infantil do Brasil.'),
(21, 'Affonso Romano de Sant''Anna', 'Brasileiro', '1937-03-27', 'Poeta, ensaísta, cronista e professor.'),
(22, 'Adélia Prado', 'Brasileira', '1935-12-13', 'Poetisa e contista, sua obra explora o cotidiano e a fé.'),
(23, 'Ariano Suassuna', 'Brasileiro', '1927-06-16', 'Dramaturgo, romancista e poeta, defensor da cultura nordestina.'),
(24, 'Luis Fernando Verissimo', 'Brasileiro', '1936-09-26', 'Escritor e cartunista, conhecido por suas crônicas humorísticas.'),
(25, 'Mario Vargas Llosa', 'Peruano/Espanhol', '1936-03-28', 'Ganhador do Prêmio Nobel, romancista e ensaísta.'),
(26, 'Isabel Allende', 'Chilena', '1942-08-02', 'Escritora conhecida por obras como "A Casa dos Espíritos".'),
(27, 'Neil Gaiman', 'Britânico', '1960-11-10', 'Autor de quadrinhos, romances, contos e roteiros.'),
(28, 'Margaret Atwood', 'Canadense', '1939-11-18', 'Poetisa, romancista, crítica literária e ativista.'),
(29, 'Chimamanda Ngozi Adichie', 'Nigeriana', '1977-09-15', 'Escritora e feminista, conhecida por "Americanah".'),
(30, 'Milan Kundera', 'Tcheco/Francês', '1929-04-01', 'Autor de "A Insustentável Leveza do Ser".'),
(31, 'José Saramago', 'Português', '1922-11-16', 'Ganhador do Prêmio Nobel, conhecido por seu estilo peculiar.'),
(32, 'Umberto Eco', 'Italiano', '1932-01-05', 'Filósofo, semiólogo e romancista, autor de "O Nome da Rosa".'),
(33, 'Philip K. Dick', 'Americano', '1928-12-16', 'Escritor de ficção científica cujas obras inspiraram filmes.'),
(34, 'Ursula K. Le Guin', 'Americana', '1929-10-21', 'Autora de ficção científica e fantasia, conhecida por explorar temas sociais.'),
(35, 'Albert Camus', 'Franco-Argelino', '1913-11-07', 'Filósofo e escritor, autor de "O Estrangeiro".'),
(36, 'Simone de Beauvoir', 'Francesa', '1908-01-09', 'Filósofa existencialista, feminista e escritora.'),
(37, 'Fiodor Dostoiévski', 'Russo', '1821-11-11', 'Um dos maiores romancistas da literatura russa, autor de "Crime e Castigo".'),
(38, 'Leon Tolstói', 'Russo', '1828-09-09', 'Escritor russo conhecido por "Guerra e Paz" e "Anna Karenina".'),
(39, 'Franz Kafka', 'Tcheco (Imp. Austríaco)', '1883-07-03', 'Escritor de língua alemã, conhecido por "A Metamorfose".'),
(40, 'Aldous Huxley', 'Britânico', '1894-07-26', 'Autor de "Admirável Mundo Novo".');

-- -----------------------------------------------------
-- Tabela Usuarios (40 registros)
-- -----------------------------------------------------
INSERT INTO Usuarios (id, nome, email, telefone, data_cadastro, tipo_usuario) VALUES
(1, 'Nelson Ribeiro Felix', 'nelson.ribeiro.felix@sempreceub.com', '99999-0001', '2024-01-15', 'aluno'),
(2, 'Norma Lucia Felix dos Santos', 'mae.nelson@email.com', '99999-0002', '2024-01-10', 'externo'),
(3, 'Divino Ribeiro da Silva', 'pai.nelson@email.com', '99999-0003', '2024-02-01', 'externo'),
(4, 'Ana Clara Silva', 'ana.silva@email.com', '98888-1111', '2023-05-10', 'aluno'),
(5, 'Bruno Costa Lima', 'bruno.costa@email.com', '97777-2222', '2022-11-20', 'professor'),
(6, 'Carla Dias Souza', 'carla.dias@email.com', '96666-3333', '2023-08-01', 'aluno'),
(7, 'Daniel Ferreira Alves', 'daniel.alves@email.com', '95555-4444', '2024-03-01', 'funcionario'),
(8, 'Eduarda Gomes Pereira', 'eduarda.gomes@email.com', '94444-5555', '2023-01-25', 'aluno'),
(9, 'Fábio Martins Rocha', 'fabio.rocha@email.com', '93333-6666', '2022-07-14', 'professor'),
(10, 'Gabriela Oliveira Santos', 'gabriela.santos@email.com', '92222-7777', '2023-09-30', 'aluno'),
(11, 'Heitor Almeida Barbosa', 'heitor.barbosa@email.com', '91111-8888', '2024-02-10', 'aluno'),
(12, 'Isabela Carvalho Pinto', 'isabela.pinto@email.com', '90000-9999', '2023-06-05', 'externo'),
(13, 'João Pedro Azevedo', 'joao.azevedo@email.com', '98765-4321', '2022-03-12', 'aluno'),
(14, 'Larissa Mendes Castro', 'larissa.castro@email.com', '97654-1234', '2023-11-08', 'professor'),
(15, 'Lucas Nunes Ribeiro', 'lucas.ribeiro@email.com', '96543-2109', '2024-04-01', 'aluno'),
(16, 'Mariana Correia Lopes', 'mariana.lopes@email.com', '95432-1098', '2023-02-18', 'funcionario'),
(17, 'Nicolas Barros Freitas', 'nicolas.freitas@email.com', '94321-0987', '2022-10-03', 'aluno'),
(18, 'Olivia Duarte Araujo', 'olivia.araujo@email.com', '93210-9876', '2023-07-22', 'professor'),
(19, 'Pedro Henrique Viana', 'pedro.viana@email.com', '92109-8765', '2024-05-01', 'aluno'),
(20, 'Sofia Teixeira Cunha', 'sofia.cunha@email.com', '91098-7654', '2023-04-15', 'aluno'),
(21, 'Thiago Ramos Cardoso', 'thiago.cardoso@email.com', '90987-6543', '2022-09-01', 'externo'),
(22, 'Valentina Melo Rezende', 'valentina.rezende@email.com', '98876-5432', '2023-12-10', 'aluno'),
(23, 'Arthur Nogueira Justo', 'arthur.justo@email.com', '97765-4321', '2024-01-20', 'professor'),
(24, 'Beatriz Sampaio Leal', 'beatriz.leal@email.com', '96654-3210', '2023-03-05', 'aluno'),
(25, 'Caio Drummond Sales', 'caio.sales@email.com', '95543-2109', '2022-08-11', 'funcionario'),
(26, 'Davi Pires Campos', 'davi.campos@email.com', '94432-1098', '2023-10-25', 'aluno'),
(27, 'Eloá Brandão Mattos', 'eloa.mattos@email.com', '93321-0987', '2024-03-18', 'professor'),
(28, 'Fernanda Guimarães Lacerda', 'fernanda.lacerda@email.com', '92210-9876', '2023-05-02', 'aluno'),
(29, 'Gustavo Franco Pacheco', 'gustavo.pacheco@email.com', '91109-8765', '2022-12-07', 'aluno'),
(30, 'Helena Queiroz Peixoto', 'helena.peixoto@email.com', '90098-7654', '2023-08-19', 'externo'),
(31, 'Igor Vasconcelos Dornelles', 'igor.dornelles@email.com', '98987-5432', '2024-02-28', 'aluno'),
(32, 'Júlia Xavier Farias', 'julia.farias@email.com', '97876-4321', '2023-06-14', 'professor'),
(33, 'Kevin Arruda Galvão', 'kevin.galvao@email.com', '96765-3210', '2022-11-09', 'aluno'),
(34, 'Laura Bernardes Caldeira', 'laura.caldeira@email.com', '95654-2109', '2023-09-03', 'funcionario'),
(35, 'Miguel Cordeiro Antunes', 'miguel.antunes@email.com', '94543-1098', '2024-04-21', 'aluno'),
(36, 'Natália Esteves Barreto', 'natalia.barreto@email.com', '93432-0987', '2023-01-11', 'professor'),
(37, 'Otávio Guedes Chaves', 'otavio.chaves@email.com', '92321-9876', '2022-07-27', 'aluno'),
(38, 'Giovana Zanetti Flores', 'giovana.flores@email.com', '91210-8765', '2023-10-13', 'aluno'),
(39, 'Enzo Bittencourt Dantas', 'enzo.dantas@email.com', '90109-7654', '2024-05-05', 'externo'),
(40, 'Yasmin Valadares Quintela', 'yasmin.quintela@email.com', '90000-0000', '2023-02-25', 'aluno');

-- -----------------------------------------------------
-- Tabela Livros (40 registros)
-- -----------------------------------------------------
INSERT INTO Livros (id, titulo, autor_id, ano_publicacao, genero, descricao, disponibilidade, isbn, edicao) VALUES
(1, 'Dom Casmurro', 1, 1899, 'Realismo', 'Um clássico sobre ciúmes e ambiguidades na sociedade carioca do século XIX.', FALSE, '978-8535914769', 'Edição Clássica'),
(2, 'A Hora da Estrela', 2, 1977, 'Ficção Moderna', 'A pungente história de Macabéa, uma nordestina no Rio de Janeiro.', FALSE, '978-8532505589', '1ª Edição'),
(3, 'Memórias Póstumas de Brás Cubas', 1, 1881, 'Realismo', 'Narrativa inovadora e irônica de um "defunto autor".', TRUE, '978-8535902612', 'Edição Comentada'),
(4, '1984', 3, 1949, 'Distopia', 'Um futuro totalitário onde o Grande Irmão tudo vê e a verdade é manipulada.', FALSE, '978-0451524935', 'Comemorativa'),
(5, 'Harry Potter e a Pedra Filosofal', 4, 1997, 'Fantasia', 'O início da jornada do jovem bruxo Harry Potter em Hogwarts.', TRUE, '978-8532511014', 'Capa Dura'),
(6, 'Sapiens: Uma Breve História da Humanidade', 5, 2011, 'Não-Ficção', 'Uma análise da história da humanidade desde os primórdios.', FALSE, '978-8535923SAPIENS', 'Revista'),
(7, 'Cem Anos de Solidão', 6, 1967, 'Realismo Mágico', 'A saga da família Buendía na mítica Macondo.', TRUE, '978-8501012072', '49ª Edição'),
(8, 'Orgulho e Preconceito', 7, 1813, 'Romance', 'A história de Elizabeth Bennet e suas impressões sobre Mr. Darcy.', FALSE, '978-0141439518', 'Edição de Aniversário'),
(9, 'It: A Coisa', 8, 1986, 'Horror', 'Um grupo de crianças enfrenta uma entidade maligna na cidade de Derry.', TRUE, '978-1501175466', 'Edição de Colecionador'),
(10, 'Norwegian Wood (Tokio Blues)', 9, 1987, 'Drama', 'Um romance nostálgico sobre amor, perda e amadurecimento no Japão dos anos 60.', FALSE, '978-0375704024', 'Edição Internacional'),
(11, 'O Assassinato no Expresso do Oriente', 10, 1934, 'Mistério', 'Hercule Poirot investiga um assassinato em um trem luxuoso.', TRUE, '978-0007119318', 'Clássicos do Crime'),
(12, 'Sentimento do Mundo', 11, 1940, 'Poesia', 'Coletânea de poemas que reflete sobre o tempo e a condição humana.', TRUE, '978-8535919931', 'Poesia Reunida'),
(13, 'Romanceiro da Inconfidência', 12, 1953, 'Poesia Épica', 'Poemas que narram a Inconfidência Mineira.', FALSE, '978-8526009000', 'Histórica'),
(14, 'O Livro do Desassossego', 13, 1982, 'Ficção Filosófica', 'Fragmentos e reflexões atribuídas a Bernardo Soares, heterônimo de Pessoa.', TRUE, '978-9722351929', 'Edição Crítica'),
(15, 'Gabriela, Cravo e Canela', 14, 1958, 'Romance Modernista', 'Crônica de costumes da cidade de Ilhéus nos anos 20.', TRUE, '978-8535902629', '50ª Edição'),
(16, 'Mrs Dalloway', 15, 1925, 'Ficção Modernista', 'Um dia na vida de Clarissa Dalloway, explorando o fluxo de consciência.', FALSE, '978-0151009983', 'Clássicos Modernos'),
(17, 'Fundação', 16, 1951, 'Ficção Científica', 'O início da épica saga sobre a queda de um império galáctico.', TRUE, '978-0553293357', 'Trilogia Original'),
(18, 'O Senhor dos Anéis: A Sociedade do Anel', 17, 1954, 'Alta Fantasia', 'O início da jornada para destruir o Um Anel.', FALSE, '978-0618640157', 'Edição Ilustrada'),
(19, 'Vidas Secas', 18, 1938, 'Romance Regionalista', 'A luta de uma família de retirantes nordestinos contra a seca.', TRUE, '978-8501012073', 'Edição Escolar'),
(20, 'O Quinze', 19, 1930, 'Romance Regionalista', 'Retrato da seca de 1915 no Ceará.', TRUE, '978-8503006807', 'Centenário'),
(21, 'Sítio do Picapau Amarelo', 20, 1920, 'Literatura Infantil', 'Aventuras de Pedrinho, Narizinho e Emília.', FALSE, '978-8525051293', 'Completa'),
(22, 'Que Corpo é Esse?', 21, 1978, 'Poesia', 'Reflexões poéticas sobre o corpo e a existência.', TRUE, '978-8501023450', 'Contemporânea'),
(23, 'Bagagem', 22, 1976, 'Poesia', 'Primeiro livro de poemas de Adélia Prado.', TRUE, '978-8577990942', 'Autografada'),
(24, 'Auto da Compadecida', 23, 1955, 'Teatro', 'Aventuras de João Grilo e Chicó no sertão nordestino.', FALSE, '978-8520922433', 'Dramaturgia'),
(25, 'Comédias para se Ler na Escola', 24, 2001, 'Crônicas', 'Seleção de crônicas humorísticas de Verissimo.', TRUE, '978-8573023339', 'Humor'),
(26, 'A Festa do Bode', 25, 2000, 'Romance Histórico', 'A ditadura de Trujillo na República Dominicana.', FALSE, '978-8535900359', 'Premiado'),
(27, 'A Casa dos Espíritos', 26, 1982, 'Realismo Mágico', 'Saga da família Trueba ao longo de gerações no Chile.', TRUE, '978-8528605438', 'Sucesso Mundial'),
(28, 'Sandman: Prelúdios e Noturnos', 27, 1989, 'Quadrinhos', 'O início da jornada de Sonho, o Senhor dos Sonhos.', FALSE, '978-8573519804', 'Edição Definitiva'),
(29, 'O Conto da Aia', 28, 1985, 'Distopia', 'Uma sociedade totalitária onde mulheres são subjugadas.', TRUE, '978-8579803501', 'Best-seller'),
(30, 'Americanah', 29, 2013, 'Romance', 'A história de Ifemelu, uma jovem nigeriana que imigra para os EUA.', TRUE, '978-8535923000', 'Contemporâneo Africano'),
(31, 'A Insustentável Leveza do Ser', 30, 1984, 'Romance Filosófico', 'Quatro vidas entrelaçadas na Praga dos anos 60 e 70.', FALSE, '978-8535900205', 'Clássico Moderno'),
(32, 'Ensaio sobre a Cegueira', 31, 1995, 'Alegoria', 'Uma epidemia de cegueira branca atinge uma cidade.', TRUE, '978-8535909246', 'Nobel'),
(33, 'O Nome da Rosa', 32, 1980, 'Romance Histórico', 'Mistério e investigação em um mosteiro medieval italiano.', TRUE, '978-8501019606', 'Best-seller Mundial'),
(34, 'Androides Sonham com Ovelhas Elétricas?', 33, 1968, 'Ficção Científica', 'Inspiração para o filme Blade Runner.', FALSE, '978-8576570169', 'Cult Classic'),
(35, 'A Mão Esquerda da Escuridão', 34, 1969, 'Ficção Científica', 'Exploração de gênero e sexualidade em um planeta alienígena.', TRUE, '978-8576570039', 'Premiado'),
(36, 'O Estrangeiro', 35, 1942, 'Existencialismo', 'A história de Meursault, um homem indiferente ao mundo.', TRUE, '978-8501017862', 'Filosófico'),
(37, 'O Segundo Sexo', 36, 1949, 'Ensaio Filosófico', 'Uma análise fundamental sobre a condição feminina.', FALSE, '978-8520922976', 'Marco Feminista'),
(38, 'Crime e Castigo', 37, 1866, 'Romance Psicológico', 'A jornada de Raskólnikov após cometer um assassinato.', TRUE, '978-8573262096', 'Literatura Russa'),
(39, 'Anna Karenina', 38, 1877, 'Romance Realista', 'Trágica história de amor e adultério na alta sociedade russa.', TRUE, '978-8535911263', 'Obra Prima'),
(40, 'A Metamorfose', 39, 1915, 'Ficção Absurda', 'Gregor Samsa acorda transformado em um inseto monstruoso.', FALSE, '978-8535909369', 'Clássico Curto');

-- -----------------------------------------------------
-- Tabela Emprestimos (40 registros)
-- -----------------------------------------------------
INSERT INTO Emprestimos (id_usuario, id_livro, data_emprestimo, data_devolucao_prevista, data_devolucao_real, status, multa_aplicada) VALUES
(1, 1, '2025-05-10 10:00:00', '2025-06-10', NULL, 'ativo', 0.00),                         
(2, 2, '2025-05-12 11:00:00', '2025-06-12', NULL, 'ativo', 0.00),                          
(3, 3, '2025-04-01 09:00:00', '2025-05-01', '2025-04-28', 'devolvido', 0.00),               
(4, 4, '2025-05-15 14:30:00', '2025-06-15', NULL, 'ativo', 0.00),                          
(5, 6, '2025-05-02 16:00:00', '2025-06-02', NULL, 'ativo', 0.00),                         
(6, 8, '2025-04-20 10:15:00', '2025-05-20', NULL, 'atrasado', 0.00),                     
(7, 10, '2025-03-10 11:00:00', '2025-04-10', '2025-04-09', 'devolvido', 0.00),            
(8, 13, '2025-05-25 09:30:00', '2025-06-25', NULL, 'ativo', 0.00),                        
(9, 16, '2025-02-15 17:00:00', '2025-03-15', '2025-03-18', 'devolvido', 1.50),             
(10, 18, '2025-05-01 13:00:00', '2025-06-01', NULL, 'ativo', 0.00),                      
(11, 21, '2025-04-05 14:00:00', '2025-05-05', '2025-05-04', 'devolvido', 0.00),          
(12, 24, '2025-05-18 10:00:00', '2025-06-18', NULL, 'ativo', 0.00),                      
(13, 26, '2025-03-20 16:45:00', '2025-04-20', NULL, 'atrasado', 0.00),                   
(14, 28, '2025-05-03 11:30:00', '2025-06-03', NULL, 'ativo', 0.00),                       
(15, 31, '2025-04-10 09:00:00', '2025-05-10', '2025-05-11', 'devolvido', 0.50),            
(16, 34, '2025-05-28 15:00:00', '2025-06-28', NULL, 'ativo', 0.00),                       
(17, 37, '2025-02-20 12:15:00', '2025-03-20', '2025-03-19', 'devolvido', 0.00),            
(18, 40, '2025-05-11 10:45:00', '2025-06-11', NULL, 'ativo', 0.00),                       
(19, 5, '2025-04-15 14:30:00', '2025-05-15', '2025-05-14', 'devolvido', 0.00),          
(20, 7, '2025-05-08 16:00:00', '2025-06-08', NULL, 'ativo', 0.00),                      
(21, 9, '2025-03-01 10:15:00', '2025-04-01', '2025-04-01', 'devolvido', 0.00),          
(22, 11, '2025-05-13 11:00:00', '2025-06-13', NULL, 'ativo', 0.00),                    
(23, 12, '2025-04-25 09:30:00', '2025-05-25', '2025-05-26', 'devolvido', 0.25),           
(24, 14, '2025-05-04 17:00:00', '2025-06-04', NULL, 'ativo', 0.00),                      
(25, 15, '2025-02-10 13:00:00', '2025-03-10', '2025-03-09', 'devolvido', 0.00),         
(26, 17, '2025-05-19 14:00:00', '2025-06-19', NULL, 'ativo', 0.00),                        
(27, 19, '2025-03-15 10:00:00', '2025-04-15', '2025-04-14', 'devolvido', 0.00),           
(28, 20, '2025-05-06 10:00:00', '2025-06-06', NULL, 'ativo', 0.00),                       
(29, 22, '2025-04-28 16:45:00', '2025-05-28', NULL, 'atrasado', 0.00),                     
(30, 23, '2025-05-14 11:30:00', '2025-06-14', NULL, 'ativo', 0.00),                       
(31, 25, '2025-01-20 09:00:00', '2025-02-20', '2025-02-19', 'devolvido', 0.00),            
(32, 27, '2025-05-20 15:00:00', '2025-06-20', NULL, 'ativo', 0.00),                       
(33, 29, '2025-04-02 12:15:00', '2025-05-02', '2025-05-03', 'devolvido', 1.00),          
(34, 30, '2025-05-09 10:45:00', '2025-06-09', NULL, 'ativo', 0.00),                      
(35, 32, '2025-03-25 14:30:00', '2025-04-25', '2025-04-24', 'devolvido', 0.00),          
(36, 33, '2025-05-16 16:00:00', '2025-06-16', NULL, 'ativo', 0.00),                      
(37, 35, '2025-04-12 10:15:00', '2025-05-12', '2025-05-12', 'devolvido', 0.00),          
(38, 36, '2025-05-07 11:00:00', '2025-06-07', NULL, 'ativo', 0.00),                    
(39, 38, '2025-03-03 09:30:00', '2025-04-03', '2025-04-02', 'devolvido', 0.00),            
(40, 39, '2025-05-21 17:00:00', '2025-06-21', NULL, 'ativo', 0.00);                      

-- -----------------------------------------------------
-- Tabela Reservas (40 registros)
-- -----------------------------------------------------
INSERT INTO Reservas (id_usuario, id_livro, data_reserva, status_reserva, data_limite_retirada) VALUES
(1, 2, '2025-06-01 10:00:00', 'ativa', '2025-06-04 18:00:00'),       
(4, 1, '2025-06-02 11:00:00', 'ativa', '2025-06-05 18:00:00'),       
(3, 5, '2025-05-20 09:00:00', 'cancelada', NULL),                     
(6, 4, '2025-06-03 14:00:00', 'ativa', '2025-06-06 18:00:00'),       
(8, 6, '2025-06-04 15:00:00', 'ativa', '2025-06-07 18:00:00'),       
(10, 7, '2025-05-15 10:00:00', 'atendida', '2025-05-18 18:00:00'),    
(15, 8, '2025-06-01 16:00:00', 'ativa', '2025-06-04 18:00:00'),  
(18, 10, '2025-06-02 17:00:00', 'ativa', '2025-06-05 18:00:00'),  
(20, 13, '2025-05-28 09:30:00', 'expirada', '2025-05-31 18:00:00'),  
(2, 18, '2025-06-03 12:00:00', 'ativa', '2025-06-06 18:00:00'),      
(5, 21, '2025-05-10 10:00:00', 'cancelada', NULL),                   
(7, 24, '2025-06-04 13:00:00', 'ativa', '2025-06-07 18:00:00'),   
(9, 26, '2025-05-12 14:00:00', 'atendida', '2025-05-15 18:00:00'),  
(11, 28, '2025-06-01 15:00:00', 'ativa', '2025-06-04 18:00:00'),     
(13, 31, '2025-06-02 16:00:00', 'ativa', '2025-06-05 18:00:00'),      
(1, 34, '2025-05-29 09:00:00', 'expirada', '2025-06-01 18:00:00'),  
(4, 37, '2025-06-03 17:00:00', 'ativa', '2025-06-06 18:00:00'),       
(6, 40, '2025-06-04 10:00:00', 'ativa', '2025-06-07 18:00:00'),     
(12, 1, '2025-06-01 11:00:00', 'ativa', '2025-06-04 18:00:00'),      
(14, 2, '2025-06-02 12:00:00', 'ativa', '2025-06-05 18:00:00'),     
(16, 3, '2025-05-18 13:00:00', 'cancelada', NULL),                     
(17, 4, '2025-06-03 13:00:00', 'ativa', '2025-06-06 18:00:00'),     
(19, 6, '2025-06-04 14:00:00', 'ativa', '2025-06-07 18:00:00'),    
(21, 8, '2025-05-16 15:00:00', 'atendida', '2025-05-19 18:00:00'),  
(22, 10, '2025-06-01 16:00:00', 'ativa', '2025-06-04 18:00:00'),    
(23, 13, '2025-06-02 17:00:00', 'ativa', '2025-06-05 18:00:00'),    
(24, 16, '2025-05-22 09:00:00', 'expirada', '2025-05-25 18:00:00'),  
(25, 18, '2025-06-03 10:00:00', 'ativa', '2025-06-06 18:00:00'),    
(26, 21, '2025-06-04 11:00:00', 'ativa', '2025-06-07 18:00:00'),   
(27, 24, '2025-05-13 12:00:00', 'cancelada', NULL),                    
(28, 26, '2025-06-01 13:00:00', 'ativa', '2025-06-04 18:00:00'),    
(29, 28, '2025-06-02 14:00:00', 'ativa', '2025-06-05 18:00:00'),    
(30, 31, '2025-05-27 15:00:00', 'atendida', '2025-05-30 18:00:00'), 
(31, 34, '2025-06-03 16:00:00', 'ativa', '2025-06-06 18:00:00'),    
(32, 37, '2025-06-04 17:00:00', 'ativa', '2025-06-07 18:00:00'),    
(33, 40, '2025-05-19 09:00:00', 'expirada', '2025-05-22 18:00:00'), 
(34, 5, '2025-06-01 10:00:00', 'ativa', '2025-06-04 18:00:00'),     
(35, 7, '2025-06-02 11:00:00', 'ativa', '2025-06-05 18:00:00'),    
(36, 9, '2025-05-23 12:00:00', 'cancelada', NULL),                  
(37, 11, '2025-06-03 13:00:00', 'ativa', '2025-06-06 18:00:00');     